id,label,pred
Chart-3-97f88eb1,1,1
Chart-3-1ac2ed40,1,1
Chart-3-6adfe5aa,1,1
Chart-3-6172cf3e,1,1
Chart-3-8118ce4e,1,1
Chart-3-f773c191,1,1
Chart-3-44a7052b,1,1
Chart-3-4184ed6d,1,1
Chart-3-e64b4a79,1,1
Chart-3-5a7eef9a,1,1
Chart-3-b85da2f0,1,1
Chart-3-58ad87da,1,1
Chart-3-e673c891,1,1
Chart-3-b3b7c653,1,1
Chart-3-f87532dc,1,1
Chart-3-3804ad6f,1,1
Chart-3-950985b7,1,1
Chart-3-48a615d4,0,1
Math-70-65e3129d,0,0
Math-70-340c3bf4,1,0
Math-70-909f239b,1,0
Math-70-86ada4d1,1,0
Math-70-113b0491,1,0
Math-70-409105e9,1,0
Math-70-d3bd0ff2,1,0
Math-70-644f6e4b,1,0
Math-50-7529037e,1,0
Math-50-db724385,1,0
Math-50-530798c9,1,0
Math-50-98cf7465,1,0
Math-50-891db8a5,1,0
Math-50-f41ca9bb,1,0
Math-50-afa3b3e1,0,0
Math-50-524b9c2e,1,0
Math-50-9e83161e,1,0
Math-50-8255476a,1,0
Math-50-c3d912dc,1,0
Math-50-3d4c078b,1,0
Math-50-a428bd0f,1,0
Math-50-3ba1deee,1,0
Math-50-01571a13,1,0
Math-50-a31750a7,0,0
Math-50-eaccba73,0,0
Math-50-fedf4d49,0,0
Math-50-52755628,1,0
Math-50-0c416162,1,0
Math-50-8e625197,1,0
Math-50-f0cb279b,0,0
Math-50-b828de28,1,0
Math-50-c4714c56,1,0
Math-50-70b3fea9,1,0
Math-50-acb5510d,1,0
Math-50-96eb2818,1,0
Math-50-e0a87e96,0,0
Math-50-d3a24379,1,0
Math-50-eb0ec5d4,1,0
Math-50-ba50a54f,1,0
Math-50-1df3b88f,1,0
Math-50-71e3ca73,1,0
Math-50-961abd51,1,0
Math-5-86350a4e,0,0
Math-5-b91ae3e4,1,0
Math-5-3875c637,1,0
Math-5-7fa73491,1,0
Math-5-6b3e91e5,1,0
Math-5-a409083e,1,1
Math-5-10e903c6,1,1
Math-5-8c9d7006,1,1
Math-5-2822e778,0,0
Math-5-c6efbd6e,0,0
Math-5-5bd668da,0,0
Math-5-d38a3393,0,0
Math-5-d5e77ca7,0,0
Math-5-4002b871,1,1
Math-5-91dfd26c,0,1
Math-53-9c3b115f,0,1
Math-53-25e28009,1,1
Math-53-c37e4e0a,1,1
Math-53-2ebd7c93,1,1
Math-53-fc28fe46,1,0
Math-53-a8d65fa5,0,1
Math-53-3fcd567b,0,0
Math-53-b94aab12,0,0
Math-53-d2189c47,1,1
Math-53-daa7e8f6,0,1
Math-73-03c78c94,1,0
Math-73-10a4d2ab,1,1
Math-73-abfb186c,1,0
Math-73-59137f07,1,0
Math-73-fd3d92cd,1,0
Math-73-f3799fc7,1,0
Math-73-23071695,1,0
Math-73-01ccabfe,1,0
Math-73-b2b19fb8,1,0
Math-73-77151345,1,0
Math-73-b2b9a606,1,0
Math-73-2aecf370,1,0
Math-73-ecdbdb02,1,1
Math-73-b93095ae,0,0
Closure-126-9081d514,0,0
Closure-126-34549587,0,0
Closure-126-9b21820d,0,0
Closure-126-391668b4,0,0
Closure-126-dcd421b3,0,0
Closure-126-fae7c272,0,0
Closure-126-9545206c,0,0
Closure-126-b2d2a56e,1,0
Closure-126-83549d70,1,0
Closure-126-7f65a0b3,0,0
Closure-126-fd30838c,1,0
Closure-126-60e1a2c7,1,0
Closure-126-07d01398,1,0
Closure-126-650612b7,1,0
Mockito-29-9182a4cc,1,0
Mockito-29-eb40a31f,1,0
Mockito-29-77e9fe59,0,0
Chart-5-d20d8015,1,0
Chart-5-0c9dcdf9,1,0
Chart-5-d52a23d2,1,0
Chart-5-f6c2b43c,1,1
Chart-5-7f133aed,1,0
Chart-5-5adf88ca,1,1
Chart-5-2b473af1,1,0
Chart-5-03b389f9,1,0
Chart-5-f2a70de1,1,0
Chart-5-bba0aed9,1,1
Chart-5-164b654d,1,0
Chart-5-c131bad1,1,1
Chart-5-42b3081b,1,1
Chart-5-ca894f96,1,1
Chart-5-ad86f41f,1,1
Chart-5-60757e21,1,0
Chart-5-697a6bbd,1,1
Chart-5-a6823562,0,1
Lang-58-5b58fe0d,1,0
Lang-58-b36f624e,1,1
Lang-58-b2fe3e8e,1,1
Lang-58-b2d1b1a6,1,0
Lang-58-1fa44e05,0,1
Lang-58-a3777265,1,1
Lang-58-004a4aa1,1,1
Lang-58-ce9c2005,1,1
Lang-58-424e1f8e,1,0
Lang-58-660780b9,1,1
Lang-58-0fd6afce,1,0
Lang-55-5793c745,1,0
Lang-55-b6a98a7a,1,1
Lang-55-f5fc3b73,1,1
Lang-55-48ccd777,1,1
Lang-55-dc64b6ad,1,1
Lang-55-b6db76d9,1,1
Lang-55-9bda4aa1,1,1
Lang-55-22adb27a,1,0
Lang-55-e3052fa2,1,0
Lang-55-1f4ae1d2,0,0
Lang-55-fb71e799,0,0
Lang-55-c43a16bb,1,1
Lang-55-e1210597,1,1
Lang-55-fe753a49,1,1
Lang-44-6400e201,0,0
Lang-44-5279abac,1,1
Lang-44-164e154e,1,1
Lang-44-a76bf948,1,1
Lang-44-b78e5ec1,0,0
Lang-44-bef747f3,0,0
Lang-44-cc4db335,1,1
Lang-44-9a287c28,0,0
Chart-14-395b735c,0,0
Chart-14-2cd2f98c,1,0
Chart-19-98370211,0,1
Chart-19-ce6902ae,1,1
Chart-19-d373e10f,1,1
Chart-19-464d1dc7,0,0
Chart-19-c45c6e8e,1,1
Chart-19-031e2439,0,1
Math-89-70750c29,0,0
Math-89-aa7d29c0,0,0
Math-89-67135b19,0,0
Math-82-f0a53b37,0,0
Math-82-815474ec,1,1
Math-82-ff61f87b,1,1
Math-82-b87ea93d,1,1
Math-82-58e46848,1,0
Math-82-84b9adcc,1,1
Math-82-9ea98fa3,1,1
Math-82-ad986792,1,1
Math-82-914087aa,1,1
Math-82-6ccdf3b3,1,1
Math-82-cf034b57,1,0
Math-82-7a469834,1,0
Math-82-1c995c39,0,0
Math-82-696087f5,1,0
Math-82-0a55a354,1,0
Math-82-7025660b,1,0
Math-82-f8d6f5d4,1,0
Math-82-57f5570a,0,0
Math-82-61747e32,0,0
Math-82-4627dc55,1,1
Math-82-68e7713f,1,1
Math-82-60c5fb41,1,1
Math-82-2c59cf8c,1,1
Math-82-86c12b0a,1,1
Math-82-d62fbeb3,1,1
Math-4-fc3ef731,0,0
Math-85-597399dc,0,0
Math-85-b66cb77f,1,0
Math-85-699b6657,1,0
Math-85-2f41ca3f,1,0
Math-85-183bc7d3,1,0
Math-85-be84789f,1,0
Math-85-9ae36c4e,1,0
Math-85-70a4ae8a,1,0
Math-85-e1de9595,1,0
Math-85-49eb96fb,1,0
Math-85-7f3bc443,1,0
Math-85-03e2ab70,1,0
Math-85-569f6682,1,0
Math-85-956bc7e5,1,0
Math-85-5269be29,1,0
Math-85-17cbd23b,1,0
Math-85-81a212b9,1,0
Math-85-69de9150,1,0
Math-85-f72d1e6c,0,0
Math-85-dd9a8146,1,0
Math-85-5b65456b,1,0
Math-85-6ffe9f7c,1,0
Math-85-72934d0b,1,0
Math-85-4bef22f7,1,0
Math-85-062ab6c9,1,0
Math-85-b938cda3,1,0
Math-85-a8f45b90,1,0
Math-85-06632610,1,0
Math-85-78b2b926,1,0
Math-85-d227d56e,0,0
Math-85-a70c6140,1,0
Math-85-11973de4,1,0
Math-85-22e878c7,1,0
Math-85-ddae7f10,1,0
Math-85-0163a1d0,1,0
Math-85-74fbf51f,1,0
Math-85-75cb19df,1,0
Math-85-44cb45c6,1,0
Math-85-5bf4a2d3,1,0
Math-85-cc640859,1,0
Math-85-a3d2cc9a,0,0
Math-85-8265873e,1,0
Math-85-2b287069,1,0
Math-85-dbdd0bb4,1,0
Math-85-9162a8b6,1,0
Math-85-d42234fe,1,0
Math-85-3937c527,1,0
Math-85-a19a5a47,1,0
Math-85-bfd7c7eb,1,1
Math-85-30fc3302,1,0
Math-99-12b57279,0,1
Math-99-779c2c0f,0,1
Math-25-8426ad5a,0,0
Math-25-38ca891c,0,0
Math-25-7c0c532a,0,0
Math-93-1bea519b,1,0
Math-93-998bc743,0,0
Math-3-fec78738,0,0
Math-3-517f1302,0,0
Math-35-23656643,0,0
Math-35-9d54efb2,0,0
Math-35-9d1ebb04,0,0
Math-35-544cfd49,0,0
Math-35-f1e31a03,0,0
Lang-24-4ff52c18,0,0
Lang-24-9d385c36,1,0
Lang-24-77c20f84,1,0
Lang-24-28bcbe5a,1,0
Lang-24-24523e47,0,0
Lang-24-0931d5ae,0,0
Lang-24-59b8fc02,1,0
Lang-24-25ae70c7,0,0
Lang-7-fd14b48b,0,1
Lang-7-6760406e,1,1
Lang-7-811374c6,1,0
Lang-7-cb66caf5,1,1
Lang-7-3011bf17,1,1
Lang-7-10313fa1,1,1
Lang-7-f4df85dd,1,0
Lang-7-2b1b2bda,1,1
Lang-7-75cb5733,1,0
Lang-7-641c28ac,1,0
Lang-7-a5a45ae2,1,0
Lang-7-90a99dcb,1,0
Lang-7-b9977e6e,1,0
Lang-7-acad3ce8,1,0
Lang-7-e450ec86,1,1
Lang-7-3c22f953,1,1
Lang-7-fde10ed0,1,1
Lang-7-8df31873,1,1
Lang-7-09d8c327,1,0
Lang-7-8b27ff35,1,0
Lang-7-dc566cb4,1,0
Lang-7-6b7c25a2,1,0
Lang-7-7c03a208,0,1
Lang-7-8d55125e,1,1
Lang-7-151c82ba,0,1
Time-15-e5186de3,0,0
Time-15-df2dd38d,1,0
Time-15-be53bed6,1,0
Time-15-be1cc543,0,0
Math-34-6f4028e0,0,0
Lang-57-cb1114b0,0,0
Lang-57-c8aa86c0,1,0
Lang-57-c5cc88f7,0,0
Lang-57-b72d837b,0,0
Lang-57-14d9c278,0,0
Lang-57-1eed9e4e,0,0
Lang-57-8e73ecec,1,0
Time-19-bf3a3e85,0,0
Time-19-bbf98e0b,1,0
Time-19-d14c3bde,1,0
Math-71-b23bc8d1,1,0
Math-71-1f60b3f3,1,0
Math-71-95b2b592,1,0
Math-71-be83953b,1,0
Math-71-61fa0a9d,1,0
Math-71-28ac73c1,0,0
Math-80-32bcb851,1,0
Math-80-3b1b8b5b,1,0
Math-80-c4d51396,1,0
Math-80-38749e6c,1,0
Math-80-ca364e26,1,0
Math-80-fd06d9ef,1,0
Math-80-5b2c7699,1,0
Math-80-c2dcd147,1,0
Math-80-411129d3,1,0
Math-80-e2fceadb,1,0
Math-80-c4381708,1,0
Math-80-9336b769,1,0
Math-80-635cc486,1,0
Math-80-25d69ff1,1,0
Math-80-1db4577f,1,0
Math-80-5cf47494,1,0
Math-80-d885c5a9,1,0
Math-80-993956c1,1,0
Math-80-67d97412,1,0
Math-80-3462af0c,1,0
Math-80-745ad796,1,0
Math-80-f39ddfba,1,0
Math-80-b51a7708,1,0
Math-80-d341e574,1,0
Math-80-78c0390e,1,0
Math-80-7ba9880f,1,0
Math-80-72047de1,1,0
Math-80-8b726631,1,0
Math-80-3f4a6398,1,0
Math-80-19a90219,1,0
Math-80-403a172a,1,0
Math-80-f1c40789,1,0
Math-80-842d0977,1,0
Math-80-47365979,1,0
Math-80-b4d4d2f6,1,0
Math-80-ee47c3ef,1,0
Math-80-c46eab93,1,0
Math-80-a1e88924,1,0
Math-80-b2345af0,1,0
Math-80-7ce30c4d,1,0
Math-80-7018125e,1,0
Math-80-eced9959,1,0
Math-80-a9e37203,1,0
Math-80-886af681,1,0
Math-80-dc5fa65b,1,0
Math-80-f3d2edd2,1,0
Math-80-cf079ce6,0,0
Math-80-732af734,0,0
Math-80-1ecef62d,0,0
Math-80-d28140ba,1,0
Math-80-5940c569,1,0
Math-80-6efa55a6,1,0
Math-80-4d1c2fa6,1,0
Math-80-d456807a,1,0
Math-80-957e3a4c,1,0
Math-80-8eb6cad1,1,0
Math-80-2418e441,1,0
Math-80-5335b99c,1,0
Math-80-c575f510,1,0
Math-80-a4163fa0,1,0
Math-80-2f0f0cd7,1,0
Math-32-7874269d,1,0
Math-32-196541a8,1,0
Math-32-a5ad5186,1,0
Math-32-e0329379,1,0
Math-32-d0b348e9,1,0
Math-32-83b08eb0,1,0
Math-32-c34b8692,1,0
Math-32-f0efdd36,1,1
Math-32-cb5dbe50,1,0
Math-32-2717a30e,0,0
Math-32-f66bb602,0,0
Math-40-d83a7195,1,0
Math-40-cbef905f,1,1
Math-40-b3c35cf9,1,0
Math-40-b50806d7,1,1
Math-40-e418642e,1,0
Math-40-c7f585b3,1,1
Math-40-20b7ac46,1,1
Math-40-23339260,1,0
Math-40-d394bd57,1,0
Math-40-3b6a2bb2,1,0
Math-40-a02cb8b2,1,1
Math-40-949c38eb,1,0
Math-40-ae17bf01,1,0
Math-40-f41b6997,1,1
Math-40-9b8d78cd,1,0
Math-40-ffd6b5ca,0,1
Math-69-34a57a9f,1,1
Math-69-c8adc638,1,1
Math-69-368b986b,1,1
Math-69-bf70b62b,1,1
Math-69-e9e16a10,1,1
Math-69-7488dc43,0,1
Chart-15-01001154,1,1
Chart-15-f7f0ee03,1,1
Chart-15-10659340,1,0
Chart-15-a98933ae,1,0
Chart-15-102171b0,1,0
Chart-15-5de59a5e,1,1
Chart-15-60662bda,1,1
Chart-15-9f936003,1,1
Chart-15-53435045,1,1
Chart-15-1dbcb5cd,1,1
Chart-15-4fd5cd12,1,1
Chart-15-c1fc47fe,1,0
Chart-15-6505449b,1,0
Chart-15-7a0617fa,1,1
Chart-15-cb771e2c,1,1
Chart-15-3b087a74,1,1
Chart-15-69b05445,1,1
Chart-15-fbeb9efa,1,1
Chart-15-b4573f40,0,0
Chart-25-76d9ba25,1,1
Chart-25-f76244a9,1,1
Chart-25-dc2b511c,1,1
Chart-25-5be1ca77,1,1
Chart-25-8078fcc8,1,1
Chart-25-1f3cc30f,1,1
Chart-25-4c5768ab,1,0
Chart-25-553483a7,1,1
Chart-25-4ddfa743,1,1
Chart-25-c1b4dbf7,1,1
Chart-25-e981ac07,1,1
Chart-25-b9f49488,1,0
Chart-25-33f42bdd,1,1
Chart-25-3df1feec,1,1
Chart-25-5669bed7,1,1
Chart-25-19db3a9b,1,1
Chart-25-75e9e1ef,1,1
Chart-25-72c902a8,1,1
Chart-25-97242b07,1,1
Chart-25-bba282f5,1,1
Chart-25-47bb33de,1,1
Chart-25-22c32236,1,1
Chart-25-9f7461d5,1,1
Chart-25-9e3edafe,1,1
Chart-25-7812f54f,1,1
Chart-25-291a99cf,1,1
Chart-25-dfb59123,1,1
Chart-25-24cc7f35,1,1
Chart-25-353ca219,0,0
Chart-1-e0283c93,1,1
Chart-1-b298e770,1,1
Chart-1-756ddb86,1,1
Chart-1-72355198,1,1
Chart-1-cc5bb7d0,1,1
Chart-1-54be8568,1,1
Chart-1-d5061992,1,1
Chart-1-403083f1,1,1
Chart-1-565c4581,1,1
Chart-1-1f9a07c2,1,1
Chart-1-a693e727,1,1
Chart-1-758bf2ba,1,1
Chart-1-33a4f41d,1,1
Chart-1-c255a2b3,1,1
Chart-1-bbbe13ad,1,1
Chart-1-642cd9b0,0,1
Chart-1-e44b6d68,0,1
Chart-1-2a2bed33,1,1
Chart-1-3bcc8fef,1,1
Chart-1-dbd0cc62,1,1
Chart-1-06fce0b5,1,1
Chart-1-e5ae19e3,1,1
Chart-1-3e866f0c,1,1
Chart-1-804824c2,1,1
Chart-1-f6201feb,1,1
Chart-1-59a1deb1,1,1
Chart-1-ad7e0ab0,1,1
Chart-7-dd834784,1,1
Chart-7-ce3694c0,1,1
Chart-7-982d5bf8,1,1
Chart-7-b2a269c0,1,1
Chart-7-349d5148,1,1
Chart-7-83d14deb,1,1
Chart-7-018ab886,1,1
Chart-7-aaab8ef7,1,1
Chart-7-41836da8,1,1
Chart-7-97120cd8,0,1
Chart-7-6347b294,1,0
Chart-7-dd8f4ef3,1,1
Chart-7-c049c546,1,1
Chart-7-cd4c0d48,1,1
Math-8-c30690c4,1,0
Math-8-8942c5db,1,0
Math-8-7b6aa43c,1,0
Math-8-ba23c4e5,1,0
Math-8-a67431fe,1,0
Math-8-7203c8b5,1,0
Math-8-ba550669,1,0
Math-8-a7aea021,1,0
Math-8-ba037331,1,0
Math-8-a3b7af02,1,0
Math-8-d3d58e82,1,0
Math-8-d9128573,1,0
Math-8-e1882ab8,1,0
Math-8-b73e5d81,1,0
Math-8-a173e201,1,0
Math-8-5cd0477b,1,0
Math-8-61f9a961,1,0
Math-8-d0c77b14,0,0
Math-28-edff826d,1,1
Math-28-219a94f1,1,1
Math-28-bf00872c,1,1
Math-28-a757d971,1,1
Math-28-deffab3f,1,1
Math-28-a7bb432b,1,0
Math-28-8410733c,1,1
Math-28-2f609186,1,1
Math-28-af9270f6,1,1
Math-28-030e31ef,1,0
Math-28-0447a17c,1,1
Math-28-6da136b7,1,1
Math-28-69483656,1,1
Math-28-34711c71,1,1
Math-28-a590267f,1,0
Math-28-26134a8d,1,1
Math-28-4af69401,1,1
Math-28-417522ff,1,1
Math-28-e78601ae,1,0
Math-28-f6847719,1,1
Math-28-d2d9ea57,1,1
Math-28-756d953a,1,0
Math-28-b10d5756,1,1
Math-28-c30f9184,1,1
Math-28-61f48830,1,0
Math-28-93a08265,1,1
Math-28-27c42c20,1,0
Math-28-f3163b81,1,0
Math-28-41b89610,1,1
Math-28-640624f7,1,1
Math-28-37ce7ae8,1,0
Math-28-cadcf9a5,1,1
Math-28-1c1cba5b,1,0
Math-28-0a086b69,1,1
Math-28-32d9f628,1,0
Math-28-eeff7f4c,0,0
Math-95-2499f062,1,0
Math-95-72ecc4ab,1,0
Math-95-9d969dc2,1,0
Math-95-21fd8ead,1,0
Math-95-fd9d8b93,1,0
Math-95-aad3f4c5,1,0
Math-95-49f5c5b6,1,0
Math-95-59cde627,1,0
Math-95-1ea0b612,1,0
Math-95-5302278e,1,0
Math-95-79c171d0,1,0
Math-95-8d454959,1,0
Math-95-73505dd3,1,0
Math-95-f5d5ebd0,1,0
Math-95-4e0d610c,1,0
Math-95-7983432e,1,0
Math-95-ba7af530,1,0
Math-95-44dedaf4,1,0
Math-95-43696adb,1,0
Math-95-41e7cb1c,1,0
Math-95-8c5f378c,1,0
Math-95-1f58a498,1,0
Math-95-d46143d4,0,0
Math-95-41bb06a2,1,0
Math-49-257faf8f,1,0
Math-49-d3323573,1,0
Math-49-8f83d36f,1,0
Math-49-66447a76,1,0
Math-49-ac167895,1,0
Math-49-335b80a6,1,0
Math-49-a1b2b993,1,0
Math-49-d820ca53,1,0
Math-49-e6f18f1f,1,0
Math-49-9ccab701,1,0
Math-49-14836396,1,0
Math-49-ecf4a407,1,0
Math-49-2d8ec78e,1,0
Math-49-1cc13d96,1,0
Math-49-1a8c635f,1,0
Math-49-6e1aa3fc,1,0
Math-49-7a42d8ae,1,0
Math-49-f312a678,1,0
Math-49-82b73a87,1,0
Math-49-779458b4,1,0
Math-49-d7bd90a0,1,0
Math-49-6f59d550,1,0
Math-49-0d36a81c,1,0
Math-49-ab62e5be,1,0
Math-49-6442a269,1,0
Math-49-9d746fd9,0,0
Math-84-85048894,1,1
Math-84-c152a20f,1,1
Math-84-a549c870,1,1
Math-84-81df3776,1,1
Math-84-f990d677,1,1
Math-84-b43a2ff9,1,1
Math-84-1ece7c85,1,1
Math-84-88b16565,1,1
Math-84-6ad3d778,1,1
Math-84-1122b0b0,1,1
Math-84-3ef1dce6,1,1
Math-84-86a70e7a,1,1
Math-84-9876c7f1,1,1
Math-84-38d2b299,1,1
Math-84-edbb2ca5,1,1
Math-84-c20d088d,0,1
Math-81-cfa1ad2a,1,0
Math-81-a05917d4,1,0
Math-81-0d8d9308,1,0
Math-81-d2ac6b2c,1,0
Math-81-07883d41,1,0
Math-81-f6839ea0,1,0
Math-81-049e640b,1,0
Math-81-ed18c986,1,0
Math-81-2eb99802,1,0
Math-81-6b5f6a43,1,0
Math-81-8cf55448,1,0
Math-81-6b2dbce8,1,0
Math-81-fd407cbe,1,0
Math-81-bfbb30b2,1,0
Math-81-e5938433,1,0
Math-81-54f4a1c5,1,0
Math-81-c8c7c563,1,0
Math-81-c1607d05,1,0
Math-81-d18f18b3,1,0
Math-81-dd23be8a,1,0
Math-81-c05601cd,1,0
Math-81-9dbc19ce,1,0
Math-81-9897c204,1,1
Math-81-1a98fa41,1,0
Math-81-47bed0d5,1,0
Math-81-82ed9627,1,0
Math-81-e670ee34,1,0
Math-81-c53e1287,1,1
Math-81-a9c2a0f0,1,0
Math-81-ad0b2d10,1,1
Math-81-55734e66,1,0
Math-81-209052ec,1,0
Math-81-e72602ac,1,0
Math-81-7c46d332,1,0
Math-81-226666c5,1,0
Math-81-37e32f0c,1,0
Math-81-e9e970c9,1,0
Math-81-d02ef6c4,0,0
Math-81-363d4a29,1,0
Math-2-b6c5b4a0,1,1
Math-2-d9abdcdc,1,0
Math-2-3de929d9,1,0
Math-2-e00cb88a,1,1
Math-2-b12d73d6,1,1
Math-2-5798eb65,1,0
Math-2-dd5040d8,1,1
Math-2-585ee0ca,1,1
Math-2-faa0595c,1,0
Math-2-4b4bb1a9,1,1
Math-2-4aeee9cc,1,1
Math-2-d4062b35,1,1
Math-2-4ae57f3a,1,1
Math-2-31d34170,1,0
Math-2-76ed6b39,1,1
Math-2-3e6ef0b0,1,1
Math-2-8486e709,1,1
Math-2-9f11ea3e,1,1
Math-2-98d5ca62,1,1
Math-2-2682ce49,1,1
Math-2-57366437,1,1
Math-2-2d1078cd,1,1
Math-2-7682ae29,1,1
Math-2-9b5062bb,1,1
Math-2-8359a8eb,0,0
Math-2-1e64aa4e,1,0
Math-2-ca3d1077,1,0
Math-2-83726cda,1,1
Math-2-faaed534,1,1
Math-2-6b6fdc0b,1,0
Math-2-22501d8a,1,0
Math-2-9d8668b0,0,0
Time-4-bd6c58ca,1,0
Time-4-3d1944e2,1,0
Time-4-af333c02,1,0
Time-4-4c7eef5d,1,0
Time-4-dd947584,1,0
Time-4-985e5354,1,0
Time-4-d59ec42f,1,0
Time-4-1c85bd52,1,0
Time-4-d94cb86f,1,0
Time-4-cb75be93,1,0
Time-4-82a60c98,1,0
Time-4-528c2391,1,0
Time-4-c70c6f6e,1,0
Time-4-394d24a6,1,0
Time-4-6e0934ca,1,0
Time-4-fbc41f04,1,0
Time-4-b3879e84,1,0
Time-4-b693e5c9,1,0
Time-4-41fe8624,1,0
Time-4-76fe5542,0,1
Time-4-34098cc9,1,0
Time-11-8abd83e3,1,0
Time-11-8c94827a,1,0
Time-11-4020bc0b,1,0
Time-11-4005244e,1,1
Time-11-b38926ee,1,0
Time-11-3cb974dd,1,1
Time-11-3712ed74,1,1
Time-11-c027a24f,1,1
Time-11-77f8d0f9,1,0
Time-11-4322e5b2,1,0
Time-11-53c62fc7,1,0
Time-11-de5ba49a,1,1
Time-11-d8877818,1,1
Time-11-564c7b9b,1,1
Time-11-cad7d0d2,1,1
Time-11-0826a358,1,1
Time-11-f4c9c765,1,0
Time-11-6fbe348f,1,1
Time-11-b435e701,1,0
Time-11-d766b683,1,0
Time-11-043d6fef,1,1
Time-11-33d7dbd1,1,1
Time-11-c60185e2,1,0
Time-11-cc5757e9,1,0
Time-11-762c25b6,1,1
Time-11-2c4d8c55,1,0
Time-11-afbb7c60,1,1
Time-11-38a6c707,1,1
Time-11-1ea1f47f,1,1
Time-11-e6e2a270,1,0
Time-11-98bf9066,1,0
Time-11-d688dc06,0,0
Chart-26-b95d52f3,1,0
Chart-26-260fb704,1,1
Chart-26-67318fae,1,1
Chart-26-267d3e2d,1,0
Chart-26-a9e0a6a3,1,0
Chart-26-1c43ef34,1,1
Chart-26-80a0798f,1,1
Chart-26-f12980d1,1,1
Chart-26-7b95a2bd,1,1
Chart-26-1a5a7ff8,1,1
Chart-26-01608d14,1,0
Chart-26-bddacbbb,1,1
Chart-26-c5ffcd6f,1,1
Chart-26-5bd70c5f,1,1
Chart-26-ad381f01,1,1
Chart-26-ab98877e,1,0
Chart-26-b59940a5,1,1
Chart-26-41b3cc83,1,0
Chart-26-b2fa5b42,1,0
Chart-26-3c542ed7,1,0
Chart-26-d557614e,1,0
Chart-26-690fc049,1,0
Chart-26-7e98b2ae,1,0
Chart-26-ac1ed2c6,1,0
Chart-26-2837879c,0,0
Chart-26-72d8ea84,0,0
Chart-26-23b0457c,0,0
Chart-26-7471dabe,0,0
Chart-26-eea7d69d,1,1
Chart-26-96270b76,1,1
Chart-26-b4a790da,1,1
Chart-26-a61af83b,1,1
Chart-13-9bc35a93,1,0
Chart-13-169e2bd2,1,0
Chart-13-80c700e6,1,0
Chart-13-c0687a08,1,0
Chart-13-94a23d9d,1,0
Chart-13-659fccce,1,0
Chart-13-60a2c331,1,0
Chart-13-9deda7b4,1,0
Chart-13-6cc87486,1,0
Chart-13-0c0923f0,1,0
Chart-13-ca9d4c9b,1,0
Chart-13-dc1c3dfd,1,1
Chart-13-a4ee0543,1,0
Chart-13-644bee4d,1,0
Chart-13-9526a250,1,0
Chart-13-e2552432,1,0
Chart-13-e765064e,1,0
Chart-13-fc34f666,1,0
Chart-13-760d17ad,1,0
Chart-13-8c067998,1,0
Chart-13-fb33c9c0,1,0
Chart-13-d2f47c47,1,0
Chart-13-f4dc9b51,1,0
Chart-13-74eaac0f,1,0
Chart-13-8281fb6d,1,0
Chart-13-a797bd7d,1,0
Chart-13-0e607620,1,0
Chart-13-df013b15,1,0
Chart-13-9fd23a6c,1,0
Chart-13-57586915,1,0
Chart-13-ee2add67,1,1
Chart-13-2caded26,1,0
Chart-13-9eccb355,0,0
Chart-13-51f15141,1,0
Chart-13-25f9c4b1,1,1
Chart-17-9e8f6a74,1,0
Chart-17-8605c787,1,0
Chart-17-339ad5c8,1,0
Chart-17-bb5f5050,1,0
Chart-17-651ba15c,1,0
Chart-17-391e9beb,0,0
Chart-21-42f987d2,1,0
Chart-21-f29da018,1,0
Chart-21-a8a3ed5c,1,0
Chart-21-0bd3ffdc,0,1
Chart-9-8f58480f,1,0
Chart-9-930f5e14,1,0
Chart-9-7c4d25ba,1,0
Chart-9-d034a484,1,0
Chart-9-b7a27e57,1,0
Chart-9-30dfb212,1,0
Chart-9-fb7fde10,1,0
Chart-9-49d4a523,1,0
Chart-9-4af610fa,1,0
Chart-9-09e664d9,0,0
Chart-9-23271b5e,0,0
Chart-9-3ce6811c,0,0
Chart-9-fd5682c3,1,0
Chart-9-cdf1eedf,0,0
Chart-9-9dcb00f0,1,0
Chart-9-e4e662f1,0,0
Math-105-ebeb216f,1,0
Math-105-f7acdcc4,1,0
Math-105-24b09abe,1,0
Math-105-a5ba1243,1,0
Math-105-ebe7930d,1,0
Math-105-5598a54d,1,0
Math-105-755fa579,0,0
Math-24-e48f03a9,1,0
Math-24-ba545220,0,1
Math-88-bb6569ae,1,1
Math-88-b4986efe,1,1
Math-88-7b1cf4ab,1,1
Math-88-29e7b6b3,1,1
Math-88-eea73479,1,1
Math-88-6e0b9245,1,1
Math-88-474f54b3,1,1
Math-88-213fd230,1,1
Math-88-31998fd9,1,1
Math-88-e658e56a,1,1
Math-88-4fbcc0a8,1,1
Math-88-9b1fa57d,0,1
Math-58-3d835081,1,0
Math-58-669411b1,1,0
Math-58-300db1a8,1,0
Math-58-682e9936,1,0
Math-58-e35c9589,1,0
Math-58-dd2e50f6,0,1
Math-58-b4d71ada,0,1
Math-58-9124eae2,1,0
Math-58-60800fa1,1,0
Math-44-5498d091,1,0
Math-44-243fd32e,1,1
Math-44-d15a971f,0,0
Math-41-dbebbc65,1,0
Math-41-01fec7e6,1,0
Math-41-9ab7b942,1,0
Math-41-5c686590,1,0
Math-41-4860beb1,0,1
Math-41-d1f40e6d,1,0
Math-57-395d7ff2,1,1
Math-57-d95c6d58,1,1
Math-57-c5e7e7cf,1,0
Math-57-15382b4f,1,1
Math-57-5ad61d29,1,1
Math-57-d3d178bb,1,1
Math-57-ad7ee590,1,1
Math-57-a131bf80,1,1
Math-57-5346b72c,0,0
Math-57-dbbf38cf,1,1
Math-42-0b712d48,1,0
Math-42-db96c7fe,1,1
Math-42-d22ec10a,1,0
Math-42-f39599d6,1,0
Math-42-933b2358,0,1
Math-87-cfd7411b,1,0
Math-87-7d2c7c14,1,0
Math-87-208f4606,1,0
Math-87-da9fe73a,0,0
Math-33-07fea28d,1,0
Math-33-8061e6c3,1,0
Math-33-3ed0fdde,1,1
Math-33-0cfb5c40,1,0
Math-33-934b1880,0,0
Math-33-f0a85846,0,0
Math-33-084a9db7,1,0
Math-33-42ed75c4,0,0
Math-33-fda86650,1,0
Math-78-b052be63,1,0
Math-78-3d390e22,1,0
Math-78-233e814e,1,0
Math-78-cc89fc55,1,0
Math-78-e6bab50d,1,0
Math-78-b8e5065b,1,0
Math-78-5c424dec,1,0
Math-78-ca8ade49,1,0
Math-78-427493c8,1,0
Math-78-e69e2755,1,0
Math-78-e73b152c,1,0
Math-78-146668e8,1,0
Math-78-c820a571,1,0
Math-78-286d1cf9,0,0
Math-7-868cc1a8,1,0
Math-7-d1ea5158,1,0
Math-7-2fef39ec,1,0
Math-7-0944e216,1,0
Math-7-14fc382a,0,0
Math-39-0036af74,1,0
Math-39-b7d4fe90,1,0
Math-39-08265912,1,0
Math-39-e95a3a6a,0,0
Closure-38-c9cc1677,1,0
Closure-38-bbb3fbd4,1,0
Closure-38-89d3f6d5,1,0
Closure-38-35c198cd,1,0
Closure-38-62cd155a,1,0
Closure-38-7ec2ddce,0,0
Closure-50-d59fd2ae,1,0
Closure-50-e9b93f78,0,0
Closure-121-eeab44fd,1,0
Closure-121-ce85e55e,0,0
Closure-113-d7296aea,1,0
Closure-113-8dead01f,0,0
Closure-7-8ff48a9b,1,1
Closure-7-7934a419,1,1
Closure-7-8070cd62,1,0
Closure-7-aa8d38db,0,0
Closure-1-75d79571,1,0
Closure-1-0c4da907,0,1
Closure-20-dd30523a,1,0
Closure-20-8687e627,0,0
Closure-29-ef2a4cc6,1,0
Closure-29-dd30523a,1,0
Closure-29-217642cf,0,0
Closure-133-046739ea,1,0
Closure-133-58e89d54,1,0
Closure-133-1f8c7f2a,1,0
Closure-133-27d141bd,0,0
Closure-119-6f0b3342,1,1
Closure-119-b2cbd92e,0,0
Closure-36-a325c417,1,0
Closure-36-64a4433c,0,0
Closure-75-96513665,1,1
Closure-75-ba54a468,0,0
Closure-49-0dde5e96,1,0
Closure-49-8eac263f,0,1
Closure-61-c98317b1,1,0
Closure-61-0008c92e,0,0
Closure-55-a0a829ce,1,0
Closure-55-a0ce5f35,1,0
Closure-55-4fe6a11b,0,0
Closure-111-8ff48a9b,1,1
Closure-111-f7c250af,0,0
Closure-131-4d4cb001,1,1
Closure-131-d38ddc3d,0,1
Closure-8-4d4cb001,1,0
Closure-8-6db354fb,0,0
Closure-33-c8af75ee,1,0
Closure-33-274eb804,1,0
Closure-33-1a335c8d,1,0
Closure-33-0ac09eab,1,0
Closure-33-bf73c529,1,0
Closure-33-aa400677,1,0
Closure-33-5d9540f7,0,0
Closure-10-ee97d3c4,1,0
Closure-10-afe34703,1,1
Closure-10-79231ced,1,1
Closure-10-c23e4e85,1,1
Closure-10-2decc1e7,1,1
Closure-10-0e63fcba,1,1
Closure-10-3d04db5b,1,1
Closure-10-a51f18af,0,1
Closure-62-15430ef4,1,0
Closure-62-e4d9a758,0,0
Closure-62-566085c0,0,0
Closure-62-974be517,1,0
Closure-62-8402baef,1,0
Closure-62-7f06dd3d,1,0
Closure-62-ec6f6cfe,1,0
Closure-35-cf2ee9f8,1,0
Closure-35-ab0fdc8c,1,0
Closure-35-ce847597,0,1
Closure-18-4f0cffd6,1,0
Closure-18-f310d6ff,1,0
Closure-18-3fdfcc92,1,0
Closure-18-2c74c6ec,0,0
Closure-18-a62176e4,0,0
Closure-18-d703d5fb,0,0
Closure-18-ba5adb98,0,0
Closure-18-64827b01,1,0
Closure-18-12e27b72,1,0
Closure-120-eeab44fd,1,0
Closure-120-090c09e5,0,0
Closure-2-e6584e79,1,0
Closure-2-31580500,0,0
Closure-2-f9cef735,0,0
Closure-3-4d4cb001,1,0
Closure-3-0cc123d7,0,0
Closure-115-eeab44fd,1,0
Closure-115-5b2fb26a,0,0
Closure-115-8819a555,0,0
Closure-115-8b4c3720,0,0
Closure-115-036d5df5,0,0
Closure-115-0998642d,0,0
Closure-115-434aba10,1,0
Closure-115-f83d1e4f,0,0
Closure-115-f5f0acbf,1,0
Closure-115-20b000bb,1,0
Closure-115-d1e0f494,1,0
Closure-115-303a9380,1,0
Closure-115-81c3890e,0,0
Closure-115-804e37d7,0,1
Closure-15-dd30523a,1,0
Closure-15-ce4196c7,0,0
Closure-132-4d4cb001,1,0
Closure-132-f637fbc8,0,0
Closure-45-1e6a6208,1,0
Closure-45-3843ca3c,1,0
Closure-45-979079c6,1,0
Closure-45-ac194b24,1,0
Closure-45-2ea837ab,1,0
Closure-45-e13085f3,1,0
Closure-45-55059d81,1,0
Closure-45-20815dfa,1,0
Closure-45-daf85337,0,0
Closure-12-ee97d3c4,1,0
Closure-12-0c9a1fd8,1,0
Closure-12-884b2ca2,1,0
Closure-12-6178b6c6,1,0
Closure-12-6395bccb,0,1
Closure-76-1f7baaa9,1,0
Closure-76-7c41a902,0,0
Closure-72-b8ac473f,1,0
Closure-72-dcbdfdb3,0,0
Closure-130-4d4cb001,1,0
Closure-130-f0c9bfc4,0,0
Closure-30-dd30523a,1,0
Closure-30-47a493b2,0,1
Closure-17-32b94dda,1,0
Closure-17-65b990f0,0,0
Closure-114-eeab44fd,1,0
Closure-114-d587dbe9,0,0
Closure-26-ef2a4cc6,1,0
Closure-26-42882dbd,0,0
Closure-124-067500df,1,0
Closure-124-db5f1637,0,0
Closure-21-75b016a2,1,0
Closure-21-2cc9c484,1,0
Closure-21-e948930f,1,0
Closure-21-6e43d80c,1,0
Closure-21-36e1827c,1,0
Closure-21-55696ec1,1,0
Closure-21-50f1860f,1,0
Closure-21-5d8a7426,1,0
Closure-21-edfb338c,1,0
Closure-21-e1ea6fe3,1,0
Closure-21-024f71d4,1,0
Closure-21-209c2403,1,0
Closure-21-f46c521d,1,0
Closure-21-0e223a1e,1,0
Closure-21-477598e9,1,0
Closure-21-41cf9b35,1,0
Closure-21-ae3c9fc1,1,0
Closure-21-8f5a43d8,1,0
Closure-21-45152a01,1,0
Closure-21-eb218c7d,1,0
Closure-21-85260e21,1,0
Closure-21-6957a0e3,1,0
Closure-21-2d9d196d,1,0
Closure-21-7524d9d0,1,0
Closure-21-29d678c9,1,0
Closure-21-13d8c276,1,0
Closure-21-5899c8f4,0,1
Closure-67-72a5a047,1,0
Closure-67-69e2ed41,0,0
Closure-66-4c39ecb1,1,0
Closure-66-c43222ba,1,0
Closure-66-8eabef1d,0,0
Closure-31-4f0cffd6,1,0
Closure-31-4a1a052d,0,0
Closure-31-6c17494e,1,0
Closure-31-4b61c8bc,0,0
Closure-31-49d6c9ce,1,0
Closure-31-3058d76c,0,0
Closure-22-a5bc2568,1,0
Closure-22-ed6819a1,1,0
Closure-22-67dce978,1,0
Closure-22-66ee0414,1,0
Closure-22-21deb4fa,1,0
Closure-22-0f97a93f,1,0
Closure-22-084141c9,1,0
Closure-22-e7461a66,1,0
Closure-22-04c3b8bf,1,0
Closure-22-2bacd04e,1,0
Closure-22-cd851822,1,0
Closure-22-a4ceb408,1,0
Closure-22-bba02768,1,0
Closure-22-94ca95fe,1,0
Closure-22-f2aa5b14,1,0
Closure-22-685156d4,1,0
Closure-22-350a4926,1,0
Closure-22-67db4d41,1,0
Closure-22-18947f3a,0,1
Closure-129-2af963c9,1,0
Closure-129-99b9bc6b,1,0
Closure-129-7dbf089e,1,0
Closure-129-357572c8,0,0
Closure-5-4d4cb001,1,0
Closure-5-5aad4f49,0,0
Closure-127-067500df,1,0
Closure-127-31f26eea,0,0
Lang-53-00d92207,1,0
Lang-53-dd71a530,1,0
Lang-53-107eef6a,1,1
Lang-53-b97180e0,0,0
Lang-51-50ed3392,1,1
Lang-51-406461b1,1,1
Lang-51-5197dbcf,1,1
Lang-51-980f23ae,1,1
Lang-51-5c516b87,1,1
Lang-51-50bc6598,1,1
Lang-51-249269b6,0,1
Lang-51-b559b70e,0,1
Lang-51-8a8f4d82,0,1
Lang-51-93126ab3,0,1
Lang-51-9a4c7fdd,0,1
Lang-51-fc6de9a6,0,1
Lang-51-d51d8c80,1,1
Lang-51-b23529f0,1,1
Lang-51-00869c65,1,1
Lang-51-d894be3c,1,1
Lang-51-73fea26c,1,1
Mockito-38-aa950251,1,1
Mockito-38-97b6d329,1,0
Mockito-38-a30427c6,0,0
Time-18-4223c125,1,0
Time-18-d160e54d,1,0
Time-18-92b26e9e,1,0
Time-18-95d6830d,0,0
Time-14-691b5648,1,1
Time-14-28e474df,1,0
Time-14-1e6afb6f,1,1
Time-14-e67e7aaa,0,1
Time-16-485d3beb,1,0
Time-16-20edb6cc,0,0
Time-7-1a326f23,1,0
Time-7-b73a2c5a,1,0
Time-7-76dff970,0,0
Math-104-f9dd13cb,1,0
Math-104-1687eddb,1,0
Math-104-e00b318f,1,0
Math-104-5b4128bd,1,0
Math-104-2b61dd1f,1,0
Math-104-e7dc43e8,0,0
Lang-39-cdc61758,1,1
Lang-39-58245782,1,1
Lang-39-15e23b95,0,1
Lang-39-9ebcdc88,1,1
Lang-39-5b2d01fc,1,1
Lang-39-0f7e6372,1,1
Lang-39-32330b44,1,1
Lang-39-e1ee7502,1,1
Lang-39-d8a7d599,1,1
Lang-39-7afedb21,1,1
Lang-39-79cfbdad,0,1
Lang-39-f3f78990,0,1
Lang-39-9bd16614,1,1
Lang-39-b6ec1abc,1,1
Lang-39-d6577aff,0,0
Lang-39-8c0b2215,0,1
Lang-39-2e141f8c,0,1
Math-97-c53d69b4,1,0
Math-97-cf3c1f62,1,0
Math-97-d3239d90,1,0
Math-97-6731ae3a,1,0
Math-97-8b7dae02,1,0
Math-97-41bf40b1,1,0
Math-97-04a449e9,1,0
Math-97-d6421f2d,1,0
Math-97-b78319a3,1,0
Math-97-0466f606,1,0
Math-97-50994640,0,0
Lang-35-e30ee978,0,1
Lang-35-3cc6536c,0,1
Lang-35-d061f33e,0,1
Chart-12-f63c0f13,1,0
Chart-12-7e8272ef,1,0
Chart-12-1757c962,1,0
Chart-12-295e1252,1,0
Chart-12-3694c645,1,0
Chart-12-68a3bbdf,1,0
Chart-12-62c9951a,1,0
Chart-12-e9c038f1,1,0
Chart-12-412f8559,1,0
Chart-12-3d769ac4,1,0
Chart-12-2238d465,0,0
Chart-12-419dea11,0,0
Chart-12-1f13c710,1,0
Chart-12-0b5fbf69,1,0
Chart-12-0b6423ec,1,0
Chart-12-e87b4226,1,0
Chart-12-019b7da6,0,0
Chart-12-4352a71e,1,0
Chart-12-2fc3cab2,1,1
Chart-12-0d10220f,1,0
Chart-12-2ccb8bdf,1,0
Math-31-0976c5fd,1,0
Math-31-ecd89a00,1,0
Math-31-b195bf21,1,0
Math-31-f6cde7fa,1,0
Math-31-ac8b4838,1,0
Math-31-86da527d,1,0
Math-31-165fef5f,1,0
Math-31-eb884f26,1,0
Math-31-d8b1c586,1,0
Math-31-c9687612,0,0
Math-20-730a5e90,1,0
Math-20-9f14dff0,1,0
Math-20-6d1a59c2,1,0
Math-20-5dec8c2d,1,0
Math-20-0942be58,1,0
Math-20-ea2839f5,1,0
Math-20-7a41b42e,1,0
Math-20-edd9113f,1,0
Math-20-786bb842,1,0
Math-20-dad6296b,1,0
Math-20-dff8b206,1,0
Math-20-cb7b33c1,1,0
Math-20-35506383,1,0
Math-20-112dfe36,1,0
Math-20-2d7716a9,1,0
Math-20-f2c7eea4,1,0
Math-20-0e630247,1,0
Math-20-4dea6e90,1,0
Math-20-2d8a07b6,1,0
Math-20-75148e76,1,0
Math-20-6de488fe,1,0
Math-20-8122ad49,1,0
Math-20-8363db8b,1,0
Math-20-763eeaa5,1,0
Math-20-c12f6317,0,0
Math-56-2a4ea545,1,0
Math-56-ba7054c9,1,0
Math-56-f2c9866d,1,0
Math-56-6a14a20c,0,0
Math-6-95cd34b4,1,1
Math-6-dff14135,1,1
Math-6-99a9ae80,1,1
Math-6-cee1f7dc,0,0
Math-74-d41e1f3c,1,1
Math-74-06a543ad,1,1
Math-74-0c03a35a,1,1
Math-74-4be3d740,1,1
Math-74-7d549bd7,1,1
Math-74-f9ca7b89,1,1
Math-74-eecfeaa2,1,1
Math-74-ef9b8248,1,1
Math-74-44556f85,1,1
Math-74-d5a0b092,0,0
Math-60-d0d0d85e,1,0
Math-60-1c12a804,1,0
Math-60-bad7327b,1,0
Math-60-a641568a,1,0
Math-60-d184e1ce,1,0
Math-60-ab8d4f86,1,0
Math-60-3ba476e9,1,0
Math-60-f086e2d6,0,1
Math-68-934c0662,1,0
Math-68-18ef8e79,1,0
Math-68-64c1c75a,0,0
Lang-63-8f1d82fc,1,0
Lang-63-e854be4a,1,0
Lang-63-ea5a56c9,1,0
Lang-63-5b78dc0c,1,0
Lang-63-fd8ba93c,1,0
Lang-63-57a85c0f,1,0
Lang-63-eeecf562,1,0
Lang-63-8076ba42,1,0
Lang-63-cad7dbc0,1,0
Lang-63-f3b1c4d7,1,0
Lang-63-50be024e,1,1
Lang-63-3c786881,1,1
Lang-63-212f6e39,1,0
Lang-63-8ea96b4e,1,0
Lang-63-dfb60016,1,0
Lang-63-87e9981b,0,1
Lang-61-2b409b2d,1,1
Lang-61-22e357e7,1,1
Lang-61-816b13cb,1,1
Lang-61-7e5079c4,1,1
Lang-61-445b3d81,1,1
Lang-61-dc73c73f,1,1
Lang-61-14049698,0,1
Lang-50-27e136e2,1,1
Lang-50-40c77dc9,1,1
Lang-50-288761ee,1,1
Lang-50-6c1f339d,1,1
Lang-50-daea373a,1,1
Lang-50-53e8bbbe,1,1
Lang-50-64a25f0b,1,1
Lang-50-37e5fe73,1,0
Lang-50-42503165,0,1
Lang-59-a3556a64,1,1
Lang-59-a18a70ec,1,1
Lang-59-9412efa0,1,1
Lang-59-2783b86a,1,1
Lang-59-c566f47b,1,1
Lang-59-3c59b08f,1,1
Lang-59-b3d39393,1,0
Lang-59-9fce9fe9,1,1
Lang-59-dbd3c1bc,1,0
Lang-59-93f44e06,1,0
Lang-59-56ab113f,1,0
Lang-59-8e5c8505,1,0
Lang-59-3c90f766,1,0
Lang-59-8adb49bc,1,0
Lang-59-48327623,1,0
Lang-59-251f8c71,1,0
Lang-59-4708cbf3,1,0
Lang-59-9d3313fc,1,0
Lang-59-f7a39dcd,1,0
Lang-59-52732d00,1,0
Lang-59-5b99ad3d,1,0
Lang-59-adecce28,1,0
Lang-59-45af6c86,0,0
Lang-59-e2304be6,1,1
Lang-59-8230c5c9,1,1
Lang-59-dde7ed28,1,1
Lang-22-ebfc42ff,1,1
Lang-22-6eb83759,1,1
Lang-22-671705f9,1,1
Lang-22-466d6299,1,1
Lang-22-655b277f,1,1
Lang-22-e71f8b61,1,1
Lang-22-640b484d,1,1
Lang-22-80918d94,1,1
Lang-22-394f058c,1,1
Lang-22-a1fe7d8b,1,1
Lang-22-32af8589,1,1
Lang-22-53300892,1,1
Lang-22-db928939,1,1
Lang-22-e17c6e62,1,1
Lang-22-4ff32dee,1,1
Lang-22-038887b0,0,1
Lang-43-41cb5a6f,1,0
Lang-43-0a034e15,1,0
Lang-43-e5ee57ad,1,0
Lang-43-2fa9008d,1,0
Lang-43-6de4c841,1,0
Lang-43-7b8afb9d,0,0
Lang-43-645a1b75,1,0
Lang-16-8e42802e,1,0
Lang-16-9303d0c0,1,0
Lang-16-e856b865,0,0
Lang-16-00dd1b9d,1,0
Lang-16-bde31731,0,0
Lang-60-288dfa9c,1,1
Lang-60-eabd17df,0,1
Lang-60-fbf07433,1,0
Lang-60-554e5194,0,1
Lang-41-18c2d7c8,1,1
Lang-41-1c01ae1b,0,0
Math-59-0aed304d,0,0
Math-59-82a55ca4,0,0
Math-63-567cfcd5,1,1
Math-63-2c89a5d6,1,1
Math-63-53401cd5,1,0
Math-63-6f9df205,1,0
Math-63-95ddbbdb,1,0
Math-63-faf114e0,1,0
Math-63-b5b16647,1,0
Math-63-7f8d886e,1,0
Math-63-2aa551f7,1,0
Math-63-b3336cb6,1,0
Math-63-87d52390,1,1
Math-63-d4c52bf3,1,1
Math-63-ac5fae28,1,1
Math-63-5ca9bda3,1,1
Math-63-2dace43a,1,1
Math-63-a8a532a8,0,0
Math-63-6d51041c,1,1
Math-63-20f918f0,1,0
Math-63-c7e12b6e,1,1
Math-63-f86fc549,0,1
Closure-92-b36fa93e,1,0
Closure-92-996d6bf1,1,0
Closure-92-9e45585c,1,0
Closure-92-364390fa,1,0
Closure-92-d4bfadd9,1,0
Closure-92-0b6d6d9e,1,0
Closure-92-161ae63b,1,0
Closure-92-5a8a581e,1,0
Closure-92-98215368,1,0
Closure-92-1094e38b,1,0
Closure-92-03342263,0,0
Closure-86-75145e93,1,0
Closure-86-847d9e68,1,0
Closure-86-ec26f875,1,0
Closure-86-05baaf04,1,0
Closure-86-ab7ac59d,0,0
Closure-123-42b2689a,1,0
Closure-123-f8275b9d,0,0
Closure-73-42ea9f3a,1,1
Closure-73-88a6946d,0,1
Closure-73-14d311c4,0,1
Closure-73-1090928b,0,1
Lang-6-0dc8ec87,1,1
Lang-6-e81469e1,0,1
Lang-27-197f6218,1,1
Lang-27-f80121e3,1,0
Lang-27-2b8bcb78,1,1
Lang-27-625571c4,1,1
Lang-27-ac83e0de,1,1
Lang-27-2723854e,1,1
Lang-27-5205de04,1,0
Lang-27-43f7af2b,1,1
Lang-27-4e00bdb1,1,0
Lang-27-a58f7c23,1,1
Lang-27-ef96be38,1,1
Lang-27-60b74788,1,1
Lang-27-9c8f082d,0,0
Math-30-d7c3e4f4,1,1
Math-30-ce839de5,1,0
Math-30-7e486eca,1,0
Math-30-bbe53b49,1,0
Math-30-840b9f0b,1,0
Math-30-dcdc6563,1,0
Math-30-9634b702,0,1
Math-79-fb667472,1,1
Math-79-fa688ad1,1,0
Math-79-5f624aa1,1,0
Math-79-f2a28b79,1,0
Math-79-8e08457f,1,0
Math-79-e97ab958,1,0
Math-79-524de43c,0,1
Lang-45-82a832fc,1,1
Lang-45-7de86412,1,1
Lang-45-05fbaa40,0,1
Lang-45-7ffe4bf9,0,1
Lang-45-2bfe52f0,0,1
Lang-45-9f7d3582,1,1
Lang-45-d286d16a,0,1
Closure-13-926f581a,1,0
Closure-13-b7012d91,1,0
Closure-13-6b634ee2,1,0
Closure-13-3039d67d,1,0
Closure-13-58dfa4cb,0,0
Closure-46-fe1bb30f,0,1
Closure-46-b9f62d0f,1,1
Closure-46-c14bdd35,1,1
Closure-46-3bd264d7,1,1
Closure-46-79715608,1,1
Closure-46-9c4c1d49,1,1
Closure-46-0d343f1a,0,1
Closure-46-468122da,1,1
Closure-46-184f38f7,1,1
Chart-4-9cbf5507,1,1
Chart-4-6cb69837,1,1
Chart-4-cdeeb7b5,0,1
Chart-6-2ec7a083,1,1
Chart-6-904530f0,1,1
Chart-6-0f9d7a00,1,0
Chart-6-9011d028,0,1
Chart-24-0358d9a7,0,0
Chart-24-5a8268c6,1,0
Chart-24-9b86ee4b,0,0
Chart-24-63adc28f,0,1
Chart-24-636c644d,0,0
Chart-24-e00b1af4,0,0
Chart-24-c514e37f,1,0
Chart-24-fd670322,1,0
Math-18-fb69cbce,1,0
Math-18-4306cd57,1,0
Math-18-1a1a4bfa,1,0
Math-18-4824b74e,1,0
Math-18-66e41d25,1,0
Math-18-8e6563e1,0,0
Math-62-23124818,1,0
Math-62-c457edfe,1,0
Math-62-2af02b72,1,0
Math-62-e2ea0230,1,0
Math-62-1044e613,0,1
Math-46-3bb976ae,1,0
Math-46-ae56c86e,1,0
Math-46-2614409b,1,0
Math-46-adf49e67,1,0
Math-46-b2069c66,1,0
Math-46-b7205166,0,0
Math-101-7db88c5f,1,0
Math-101-3af93978,1,0
Math-101-487e947e,0,0
Closure-40-af1292d5,1,0
Closure-40-8818398b,1,0
Closure-40-765182c1,1,0
Closure-40-46b79514,1,0
Closure-40-44eb80d2,0,0
Closure-40-49e90e05,0,0
Lang-10-ef7c17bc,1,0
Lang-10-dc9e4fb4,1,1
Lang-10-f4e46862,1,1
Lang-10-62c5963c,1,1
Lang-10-72ad02db,0,1
Lang-10-66ffe1c0,1,1
Lang-10-6befd656,1,0
Lang-10-ba7c0b35,0,1
Lang-10-fbe9ef65,1,1
Lang-10-77b9655b,1,0
Lang-10-be4dedf8,0,1
Lang-14-936c8d4c,1,0
Lang-14-8c90052a,1,0
Lang-14-88e1a4c7,1,0
Lang-14-660b55f8,1,0
Lang-14-5987eebe,1,0
Lang-14-885c1bff,0,0
Time-17-2541387d,1,1
Time-17-da281308,1,1
Time-17-d804d103,1,1
Time-17-6c9eb1cf,1,1
Time-17-befca3a5,1,1
Time-17-bf08fb01,1,1
Time-17-c71d5a56,1,0
Time-17-deb868f4,0,1
Time-9-3c86c22a,1,1
Time-9-18f62bad,0,0
Closure-59-74369538,1,0
Closure-59-856eb805,1,0
Closure-59-403ba37a,1,0
Closure-59-87cede02,0,0
Math-86-b72d3e94,1,0
Math-86-bbcf8d54,0,0
Math-22-fdf74bf4,0,0
Math-98-c07ff8e9,0,0
Lang-20-211a8f66,0,1
Lang-20-6138f7f5,0,1
Lang-20-e6f60624,0,1
Lang-20-56cc4b57,0,1
Lang-20-06102484,0,1
Chart-11-a9dc81be,0,0
Chart-11-daef4830,0,1
Math-75-8bff61e4,0,0
Math-75-5fbe9b13,0,0
Closure-70-e896bafb,0,1
Lang-38-47fe0b5c,0,0
Lang-38-d9e5c388,0,0
Lang-38-99c026b2,0,0
Lang-38-32bf49f9,0,0
Lang-33-52b05c52,1,0
Lang-33-31509714,1,0
Lang-33-023332a1,0,0
Lang-33-df122fdb,1,0
Lang-33-5f3d594a,0,0
Lang-33-fc8e1b55,0,0
Chart-8-60651749,0,0
Chart-8-e33780ef,0,0
Lang-26-588db7aa,0,0
Lang-26-3b3e1ede,0,0
Lang-26-3ffc9969,0,0
Chart-20-a4d8e1e3,0,0
Closure-14-8ccd3215,0,0
Lang-21-4d21deaa,0,0
Lang-21-5d77d77b,1,0
Closure-57-f4dbc764,0,0
Math-65-130d1fc4,1,0
Math-65-861e5760,1,0
Math-65-27fc1d37,0,0
Math-61-a53bb633,0,0
Math-61-c7fb8c6f,0,0
Lang-46-266b24a0,1,1
Lang-46-3489caa6,0,1
Closure-107-6e82c8bb,1,0
Closure-107-aa4d81bb,1,0
Closure-107-2bc50427,1,0
Closure-107-49a104e8,0,0
Closure-107-7b4ef155,1,0
Closure-78-3c7e696d,0,0
Closure-78-8b07231b,0,0
Closure-78-1f968d84,0,0
Lang-13-7f4f4445,1,0
Lang-13-812e13b9,1,0
Lang-13-eb87a358,0,0
Closure-11-36b8f811,0,0
Closure-11-99f3948e,1,0
Closure-11-ccf92da9,0,1
Closure-109-d874399d,1,0
Closure-109-be58b4b5,1,0
Closure-109-f872c993,0,0
Math-15-9dc84a84,1,0
Math-15-193f50f6,0,0
Closure-125-9e961259,1,0
Closure-125-ee8b3fa6,1,0
Closure-125-c1755b82,0,0
Closure-4-e01e4934,1,0
Closure-4-cce27e69,0,0
Closure-117-8abf17da,0,1
Math-52-c26e2ad6,1,0
Math-52-8702ce44,0,0
Math-11-389c5b6f,1,0
Math-11-0027fc0e,0,0
Closure-19-a1849ebc,1,0
Closure-19-1629d763,0,0
Closure-19-7e20db65,1,0
Closure-19-4eef3cc9,0,0
Closure-19-7e414395,1,0
Math-96-0cfe4882,1,0
Math-96-3f90a73c,0,0
Mockito-26-e45d6161,0,0
Mockito-26-ad369978,0,0
Closure-102-e2b592b6,0,0
Chart-18-77af0681,1,1
Chart-18-bc63887e,0,1
Closure-68-ac44755f,1,0
Closure-68-37a502f2,0,0
Math-64-d30986cc,1,0
Math-64-dae7465e,0,0
Lang-56-15848132,1,0
Lang-56-0e8a85ec,0,0
Math-77-68c58247,1,0
Math-77-573d2864,0,0
Math-29-b2ce68b2,1,0
Math-29-571e892d,0,0
Closure-101-4001304d,1,0
Closure-101-2c4d36c8,0,0
Closure-48-6462e772,1,0
Closure-48-7fc10e7c,0,0
Closure-108-569e88bd,1,0
Closure-108-82336a9b,1,0
Closure-108-3313056d,0,0
Math-103-c38fca98,1,0
Math-103-6b866b94,0,0
Chart-10-47e2f644,0,1
Chart-2-5fdc8130,0,1
Chart-23-3b2bb012,0,0
Chart-22-b94edff5,0,1
Chart-16-9c419909,0,0
Math-1-720db456,0,0
Math-106-ecd2b6dc,0,0
Math-90-7d1d9c72,0,0
Math-9-467ef648,0,1
Math-17-3da656dc,0,0
Math-43-9ccfb537,0,1
Math-47-e516875d,0,0
Math-45-cef06834,0,0
Math-14-0a3696d8,0,1
Math-13-d175b72f,0,1
Math-37-cc530511,0,0
Math-76-f493b4ca,0,0
Math-21-095a633e,0,0
Math-92-bda51d3e,0,0
Math-12-f28d863f,0,0
Math-55-da512dac,0,1
Math-27-3d2316ad,0,1
Math-10-9cd1d7f0,0,0
Math-102-42b003c8,0,0
Math-23-f46493bd,0,1
Math-48-18bbc03e,0,0
Math-66-19ae2fd7,0,0
Math-54-f46645a8,0,0
Math-91-62068c07,0,0
Math-67-70e72a3b,0,1
Math-94-36c9c59d,0,0
Math-83-13575625,0,1
Math-51-dd0cfc60,0,0
Math-72-7ac3a060,0,0
Math-100-ed85e671,0,0
Math-16-97c42d40,0,0
Math-26-3e1404b8,0,0
Math-36-fde3afb4,0,1
Math-38-0d49eebf,0,0
Math-19-39540cff,0,1
Closure-110-6fdd89ef,0,0
Closure-91-8a7c5dac,0,0
Closure-99-0a3353ca,0,0
Closure-27-21608150,0,0
Closure-69-52013ef6,0,0
Closure-98-c4f896ac,0,0
Closure-89-2fdff588,0,0
Closure-82-c429665d,0,0
Closure-79-e8535785,0,0
Closure-41-946c71ff,0,1
Closure-52-380a612b,0,0
Closure-104-1326940a,0,0
Closure-58-b4fdaa8a,0,0
Closure-44-602e3135,0,0
Closure-24-8d75c29d,0,0
Closure-56-ad6c1698,0,0
Closure-100-54c6fab0,0,0
Closure-85-eb347858,0,0
Closure-122-72e77e24,0,0
Closure-96-14beea36,0,0
Closure-88-c6af0ebb,0,0
Closure-128-19685c55,0,0
Closure-84-3a12490d,0,0
Closure-16-13819e78,0,0
Closure-6-b002af66,0,0
Closure-80-6e857b2b,0,0
Closure-103-d9072c2b,0,0
Closure-116-d27b2a98,0,1
Closure-47-b7472ac2,0,0
Closure-32-f5f0ad89,0,1
Closure-28-d49f83ab,0,0
Closure-95-b6f97e66,0,0
Closure-87-47a38e92,0,0
Closure-42-196a016c,0,0
Closure-25-85ef3acb,0,0
Closure-64-a95bb1f7,0,1
Closure-54-9abcc82d,0,0
Closure-53-7699cde8,0,0
Closure-71-2fcf0f5a,0,0
Closure-23-76eeda47,0,0
Closure-94-6a14ab26,0,0
Closure-97-4cb0ebd1,0,0
Closure-90-fb49fde4,0,0
Closure-39-105fa725,0,0
Closure-118-bd744aec,0,0
Closure-112-ccb22613,0,0
Closure-74-47c4a05a,0,0
Closure-105-9ddc41ca,0,0
Closure-83-5522d8da,0,0
Closure-77-430827b4,0,0
Closure-9-b1b5e6cd,0,0
Closure-60-acf96c6e,0,0
Closure-106-874a7057,0,0
Closure-65-9f653579,0,0
Closure-37-1fc144df,0,0
Closure-34-a13e688a,0,0
Closure-81-6d34f291,0,0
Closure-43-2f2a2f26,0,0
Closure-51-d42f8dfb,0,0
Lang-1-e5dad151,0,0
Lang-4-ec2cc057,0,0
Lang-28-ad03be58,0,0
Lang-64-a300ade2,0,1
Lang-52-7b991bab,0,0
Lang-65-7fca4176,0,1
Lang-17-97536c95,0,1
Lang-42-cc2870f9,0,1
Lang-11-887846d3,0,1
Lang-37-eb89be1e,0,1
Lang-49-abd09ca5,0,0
Lang-36-cac334b9,0,1
Lang-32-4462a73c,0,0
Lang-54-89bc98b2,0,1
Lang-30-b355380e,0,0
Lang-31-05e78a5b,0,1
Lang-15-dece1374,0,0
Lang-47-dd305577,0,0
Lang-62-b4eba43b,0,0
Lang-23-0283f417,0,0
Lang-9-8323749d,0,0
Lang-8-0abaca1d,0,0
Lang-19-a8a5a54a,0,1
Lang-34-c4323e3c,0,0
Lang-29-55fee527,0,0
Lang-5-c1b44e63,0,0
Lang-3-e6952400,0,0
Lang-40-ecfc0468,0,1
Lang-12-b3caadda,0,0
Mockito-34-e9571c67,0,0
Mockito-14-b54955a7,0,0
Mockito-30-6c148e22,0,0
Mockito-28-8d5065d3,0,0
Mockito-16-bb9087db,0,0
Mockito-17-4980bba9,0,0
Mockito-5-d5a07e86,0,0
Mockito-13-a73f573e,0,0
Mockito-2-6b970d6f,0,0
Mockito-4-063b5971,0,0
Mockito-3-722e8570,0,1
Mockito-18-60c3a0d1,0,0
Mockito-15-462019a2,0,0
Mockito-32-b264118e,0,0
Mockito-1-c2f7267d,0,0
Mockito-8-16833f5b,0,0
Mockito-23-47d68b0a,0,0
Mockito-31-4e0958ec,0,0
Mockito-24-f40ca181,0,0
Mockito-36-28e6557e,0,0
Mockito-27-f4f7f35d,0,0
Mockito-10-da966146,0,0
Mockito-9-6990409c,0,0
Mockito-35-a540d3bf,0,0
Mockito-33-9f891a41,0,1
Mockito-37-e6a015e3,0,0
Mockito-19-9ad91bbf,0,0
Mockito-11-77f1b07e,0,0
Mockito-20-b0f74af8,0,0
Mockito-12-e549a8ac,0,1
Mockito-22-55f0cbc8,0,1
Mockito-25-429f865a,0,0
Mockito-7-f3453e70,0,0
Mockito-21-85ce7751,0,0
Mockito-6-b5fc09bf,0,0
Time-12-1360fc04,0,0
Time-22-17cc12ae,0,0
Time-8-7dd06de3,0,1
Time-24-24c2884e,0,1
Time-26-d0191786,0,0
Time-10-2c77d57d,0,0
Time-6-1ab63d22,0,1
Time-25-8ae65b26,0,0
Time-3-eee14694,0,1
Time-1-ce644ee4,0,1
Time-27-91ffe1cb,0,1
Time-2-1b518708,0,1
Time-13-d3d43afd,0,0
Time-5-18a8e62b,0,0
Time-20-f392e76c,0,0
Time-23-77be747a,0,0
